Эпоха/стиль;Номер;Название;Дата создания;Местонахождение;Создатель
Первобытная эпоха;;;;;
;574;Стоунхендж;3020-2100 годы до н.э.;Эймсбери, Великобритания;не известен
;575;Гёбекли-Тепе;10000-9000 годы до н.э.;Шарлыурфа, Турция;не известен
;576;Карнакские камни;4500-3300 годы до н.э.;Карнак, Франция;не известен
;577;Набта-Плая;7300-4000 годы до н.э.;Нубийская пустыня, Египет;не известен
;578;Гробница Са-Эна-э-Томес;1500-500 годы до н.э;Доргали, Италия;не известен
Античность;;;;;
;1;Храм Ники Аптерос;V век до н.э.;Афины;Калликрат
;2;Храм Зевса;457 год до н.э.;Олимпия;Либон
;3;Храм Гефеста;415 год до н.э.;Афины;Иктин(возможно)
;4;Парфенон;447 год до н.э.;Афины; Калликрат по проекту Иктина
;5;Арка Адриана;131 год н.э.;Афины;не известен
;6;Триумфальная арка Константина;315 год н.э.;Рим;не известен
;7;Римский Пантеон;126 год до н.э.;Рим;Аполлодор из Дамаска
;8;Римский акведук;I век н.э.;Сеговия;не известен
;9;Колизей ;72 год н.э.;Рим;Рабирий
;88;Акведук Пон-дю-Гар;60 год н.э.;Вер-Пон-дю-Гар, Франция;не известен
;89;Триумфальная арка Септимия Севера;203 год н.э.;Рим;не известен
;90;Форум Траяна ;112 год н.э.;Рим;Аполлодор из Дамаска
;91;Храм Весты;VII век до н.э.;Рим;не известен
;92;Храм Портуна ;около 100 года до н.э.;Рим;не известен
;93;Одеон Герода Аттика;161 год н.э.;Афины;Герод Аттик
;94;Храм Эрехтейон;421 год до н.э.;Афины;Мнесикл 
;95;Храм Аполлона в Дельфах;VII век до н.э.;Дельфы, Греция;Трофоний и Агамед
;96;Кносский дворец;примерно 1700-1450 годы до н.э.;остров Крит, Греция;не известен
;97;Храм Артемиды Эфесской ;323 год до н.э.;Сельчук (в провинции Измир), Турция;Херсифрон и Метаген
;98;Храм Цереры;2 пол. VI века до н.э. ;Капаччо-Пестум, Италия;не известен
;148;Сокровищница афинян;495-490 год до н.э.;Дельфы, Греция;не известен
;149;Храм Геры;середина VI века до н.э.;Капаччо-Пестум, Италия;не известен
;150;Храм Посейдона;середина V века до н.э.;Капаччо-Пестум, Италия;не известен
;151;Термы Каракаллы;212 год н.э.;Рим;не известен
;267;Герейон II на острове Самос;примерно 570 год до н.э.;остров Самос, Греция;Ройко и Феодор
;268;Храм Геры (Юноны Лацинии);450 год до н.э.;Древний город Кротон, сейчас Италия ;не известен
;269;Филиппейон;IV век до н.э., после 338 года до н.э.;Олимпия;не известен
;270;Храм Конкордии;440-430 годы до н.э.;Долина храмов, Агридженто, Сицилия, Италия;не известен
;271;Храм Зевса Олимпийского;515 год до н.э.;Афины, Греция;Decimus Cossutius и др.
;272;Памятник Лисикрата;334 год до н.э.;Афины, Греция;не известен
;273;Башня ветров;примерно 100-50 годы до н.э.;Афины, Греция;Андроник
;274;Большой Цирк;VI век до н.э.;Рим, Италия;не известен
;275;Арена ди Верона;30 год н.э.;Верона, Италия;не известен
;276;Вилла Адриана;118 год н.э.;Тиволи, Италия;Адриан
;277;Мавзолей Адриана;135 год н.э.;Рим, Италия;Декриан
;338;Колонна Траяна;113 год н.э.;Рим, Италия;Аполлодор из Дамаска
;339;Траянов мост;103 год н.э.;Дробена-Турну-Северин, Румыния;Аполлодор из Дамаска
;340;Арка Траяна;114 год н.э.;Беневенто, Италия;Аполлодор из Дамаска
;345;Вавилонская крепость (Вавилон Египетский);около 30 года до н.э.;Каир, Египет;не известен
;346;Мавзолей Августа;28 год до н.э.;Рим, Италия;не известен
;347;Театр Марцелла;13 год до н.э.;Рим, Италия;Гай Юлий Цезарь и Октавиан Август
;348;Храм Антонина и Фаустины;141 год н.э.;Рим, Италия;не известен
;349;Базилика Максенция-Константина;308 год н.э.;Рим, Италия;Максенций и Константин Великий
;571;Мавзолей в Галикарнасе;359 год до н.э.;Бодрум, Турция;Сатирос и Пифей Приенский
;572;Театр в Дельфах;160 год до н.э.;Дельфы, Греция;не известен
Древний Египет;;;;;
;10;Храм Хатшепсут;начало XV века до н.э.;Дейр-эль-Бахри;Сенмут
;11;Рамессеум ;XIII век до н.э.;Луксор;Пенр и Аменемоне
;12;Пирамида Хеопса ;2560 год до н.э.;Эль-Гиза;Хемиун(Хемиуну)
;13;Луксорский храм ;1400 год до н.э.;Луксор;Аменхотеп III
;14;Карнакский храм ;примерно XX век до н.э.;Карнак ;Сенусерт I
;99;Абу-Симбел;около 1244 года до н.э.;Нубия;не известен
;100;Пирамида Джосера;около 2650 года до н.э.;Саккара;Имхотеп
;101;Храм Го́ра;237 год до н.э.;Эдфу;Птолемей III Эвергет
;146;Чёрная пирамида;1860 год до н.э.;Дахшур;Аменемхет III
;147;Усыпальница Ментухотепа II;XXI век до н.э.;Дейр-эль-Бахри;Сенмут
;262;Мастаба фараона Шепсескафа;2486-2479 годы до н.э.;Южная Саккара;не известен
;263;Пирамида в Медуме;примерно 2680 год до н.э.;Медум;Хуни и Снофру
;264;Пирамида Хефрена ;примерно 2547-2521 годы до н.э.;Эль-Гиза;не известен
;265;Храм богини Исиды;примерно 350 год до н.э.;остров Филы;не известен
;266;Храм в Ком-Омбо;180-47 годы до н.э.;Ком-Омбо;Птолемей VI Филометор и Птолемей XII Неос Дионис
;341;Большой Сфинкс;2559 год до н.э.;Эль-Гиза;не известен
;342;Солнечный храм Ниусерра;2400-2379 годы до н.э.;Археологическая зона Абу-Гораб;не известен
;343;Дворец Малката;XIV век до н.э.;Луксор;не известен
;344;Поминальный храм Сети I;1290-1279 годы до н.э.;Курна;Сети I
;573;Гробница Тутанхамона;около 1327 года до н.э.;Луксор;не известен
Стили раннего Средневековья: дороманский, романский, византийский и другие;;;;;
;15;Эссенский собор;845 год;Эссен, Германия;Альтфрид
;16;Церковь святого Михаила;993 год;Хильдесхайм, Германия;Бернвард
;17;Церковь святого Кириака;959 год;Гернроде, Германия;Геро I
;18;Собор Сен-Леонс;V век;Фрежюс, Франция;Леонтий Фрежюсский
;19;Меровингская крипта;600-617 годы;Жуар, Франция;Святой Адон
;20;Баптистерий Иоанна Крестителя;360 год;Пуатье, Франция;Святой Иларий
;21;Базилика Сен-Дени;450-475 годы;Сен-Дени, Франция;Святая Женевьева
;22;Палатинская капелла;около 796 года;Ахен, Германия;Одо из Меца
;23;Капелла Каролингов ;803 год;Жерминьи-де-Пре, Франция;Одо из Меца
;24;Замок Бройх ;884 год;Мюльхайм-на-Руре, Германия;Генрих Франконский
;25;Бенедиктинский монастырь святого Иоанна;VIII век ;Мюстаир, Швейцария;Карл I Великий
;26;Клонфертский собор;1180 год;Клонферт, Ирландия;не известен
;27;Пизанский собор;1063 год;Пиза, Италия;Бускето ди Джованни Джудиче
;28;Бамбергский кафедральный собор;1004 год;Бамберг, Германия;Генрих  II Святой
;29;Церковь святого Лазаря ;898 год;Ларнака, Кипр;Лев VI Мудрый
;30;Монастырь Студеница ;1190 год;Сербия ;Стефан Неманя
;31;Собор Сан-Витале ;527-548 годы;Равенна, Италия;Екклезий
;32;Храм Святой Софии;532 год;Стамбул, Турция;Анфимий Тралльский и Исидор Милетский
;132;Ротонда святого Лонгина;начало XII века;Прага, Чехия;не известен
;133;Замок Сюлли-сюр-Луар;1102 год;Сюлли-сюр-Луар, Франция;Раймон дю Тампль
;134;Капелла кающихся грешников;XI-XII век;Больё-сюр-Дордонь, Франция;не известен
;135;Лаахское аббатство святой Марии;1093 год;Глес, Германия;Генрих Лаахский
;136;Приорат Серрабоны;X-XI век;Буль-д'Амон, Франция;не известен
;137;Церковь Богородицы;1170 год;Калуннборг, Дания;Ингеборга Странгессен
;152;Вормсский собор святого Петра;1130 год;Вормс, Германия;Бурхард II, Конрад I, Конрад II
;153;Мавзолей Теодориха;520 год;Равенна, Италия;Теодорих Великий
;154;Пизанская башня;1173 год;Пиза, Италия;Бонанно Пизано
;389;Базилика Святого Димитрия;VII век;Салоники, Греция;не известен
;390;Церковь Всех святых в Бриксуорте;между 670 и 675 годами;графство Нортгемтоншир, Великобритания;не известен
;391;Ахенский собор;около 800 года;Ахен, Германия;Одо из Меца
;392;Церковь Святой Марии Мелькийской;между 668 и 729 годами;близ Толедо, Испания;не известен
;393;Золотые ворота;1158 год;Владимир, Россия;князь Андрей Боголюбский
;394;Высокий собор святых Марии, Либориуса и Килиана;XIII век;Падерборн, Германия;не известен
;395;Ангулемский собор;около 1110 года;Ангулем, Франция;Жирар II, епископ Ангулемский
;396;Старый собор;первая треть XII века;Саламанка, Испания;епископ Жером Перигорский
;397;Саморский собор;1139 год;Самора, Испания;не известен
;398;Кентерберийский собор;1070 год;Кентербери, Великобритания;епископ Ланфранк
;516;Лоршский монастырь;764 год;Лорш, Германия;не известен
;517;Собор святого Мартина Турского и святого Стефана;975 год;Майнц, Германия;архиепископ Виллигиз
;518;Шпайерский собор;1030 год;Шпайер, Германия;Отто Бамбергский
;519;Нотр-Дам-ля-Гранд;вт. пол. XI века;Пуатье, Франция;не известен
;520;Кафедральный собор Сен-Фрон ;1120 год;Перигё, Франция;не известен
;521;Сент-Олбанский собор;1077 год;Сент-Олбанс, Великобритания;Поль Канский под руководством Роберта Каменщика
;522;Собор Или;1083 год;Или, Великобритания;аббат Симеон
;523;Даремский собор;1093 год;Дарем, Великобритания;не известен
;524;Винчестерский собор;1079 год;Винчестер, Великобритания;епископ Винчестерский Уоклин
;525;Лиссабонский собор;1147 год;Лиссабон, Португалия;не известен
;526;Собор в Питерборо;1118 год;Питерборо, Великобритания;аббат Джон из Сеса
;527;Линкольнский собор;1072 год;Линкольн, Великобритания;епископ Ремигий де Фекамп
;610;Церковь Святого Мартина Турского;1066 год;Фромиста, Испания;не известен
;611;Собор Хаки;1077 год;Хака, Испания;не известен
Готика ;;;;;
;33;Кёльнский собор;1248 год;Кёльн, Германия;Герхард фон Риле
;34;Мирский замок ;1520 год;Беларусь;Юрий Ильинич
;35;Собор Антверпенской Богоматери;1352 год;Антверпен, Бельгия;Питер и Жан Аппельмансы
;36;Собор Святого Стефана;1137 год;Вена, Австрия;Антон Пильграм
;128;Бургосский собор;1221 год;Бургос, Испания;Иоганн Кёльнский
;129;Вестминстерское аббатство;1245 год;Лондон, Великобритания;Генри Рейнский
;130;Ратуша Ауденарде;1526 год ;Ауденарде, Бельгия;Ян ван Рёйсбрук
;131;Шартрский собор;1194 год;Шартр, Франция;не известен
;155;Миланский собор;1386 год;Милан, Италия;Симоне да Орсениго
;156;Реймсский собор;1208 год;Реймс, Франция;Жан д' Орбе
;157;Ульмский собор;1377 год;Ульм, Германия;Ульрих фон Энсинген
;278;Страсбургский собор;1277 год;Страсбург, Франция;Эрвин фон Штейнбах
;279;Фрайбургский собор;1230 год;Фрайбург-им-Брайсгау, Германия;Эрвин фон Штейнбах
;280;Соборная базилика Вознесения Девы Марии;1290 год;Орвието, Италия;Арнольфо ди Камбио
;281;Колокольня Джотто;1334 год;Флоренция, Италия;Джотто ди Бондоне, Андреа Пизано, Франческо Таленти
;282;Церковь Святого Креста;1325 год;Швебиш-Гмюнд, Германия;Генрих I Парлер
;283;Замок Карлштейн;1348 год;Карлштейн, Чехия;Матьё Арасский
;284;Собор святого Вита;1344 год;Прага, Чехия;Матьё Арасский и Петр Парлерж
;285;Церковь Пресвятой Девы Марии;1352 год;Нюрнберг, Германия;Петр Парлерж
;286;Церковь всех Святых;1356 год;Прага, Чехия;Петр Парлерж
;287;Карлов мост;1357 год;Прага, Чехия;Петр Парлерж
;399;Тульский собор;1221 год;Туль, Франция;не известен
;400;Фонтан Маджоре;1275 год;Перуджа, Италия;Никколо Пизано, Джованни Пизано, Арнольфо ди Камбио
;401;Баптистерий Святого Иоанна;1152 год;Пиза, Италия;Диотисальви, Никколо Пизано, Джованни Пизано, Челлино ди Незе
;402;Санта-Тринита;1250 год;Флоренция, Италия;Никколо Пизано, Альфонсо Париджи Старший, Бернардо Буонталенти
;403;Собор Санта-Мария-Ассунта;1196 год;Сиена, Италия;Никколо Пизано, Джованни Пизано 
;404;Базилика святого Доминика;1228 год;Болонья, Италия;не известен
;528;Солсберийский собор;1220 год;Солсбери, Великобритания;Ричард Пур и Илия из Дерехама
;529;Амьенский собор;1220 год;Амьен, Франция;Робер де Люзарш
;530;Санта-Мария-дель-Мар;1329 год;Барселона, Испания;Беренгер де Монтагут
;612;Собор Парижской Богоматери;1163 год;Париж, Франция ;Жан де Шелль, Пьер де Монтрёй, Пьер де Шель, Жан Рави и Раймон дю Тампль
Эпоха Возрождения (Ренессанс);;;;;
;37;Воспитательный Дом;1419 год ;Флоренция, Италия;Филиппо Брунеллески
;38;Палаццо Медичи;1444 год;Флоренция, Италия;Микелоццо ди Бартоломео
;39;Санта-Мария-дель-Фьоре;1296 год;Флоренция, Италия;Филиппо Брунеллески, Арнольфо ди Камбио и др.
;40;Храм Василия Блаженного;1555 год;Москва, Россия;Барма и Постник
;41;Церковь Сан-Лоренцо;1424 год ;Флоренция, Италия;Филиппо Брунеллески
;122;Вилла Ротонда;1567 год;Виченца, Италия;Андреа Палладио и Винченцо Скамоцци
;123;Дворец дожей;1309 год;Венеция, Италия;Филиппо Календарио
;124;Дворец Фонтенбло;1528 год ;Фонтенбло, Франция;Филибер Делорм
;125;Замок Шамбор ;1519 год;Шамбор, Франция;Боккадор
;126;Церковь Сант-Агостино;1479 год;Рим, Италия;Якопо да Пьетрасанта
;127;Уоллатон-Холл;1580 год;Ноттингем, Великобритания;Роберт Смитсон
;158;Базилика Санто-Спирито;1436 год;Флоренция, Италия;Филиппо Брунеллески
;159;Капелла Пацци;1429 год;Флоренция, Италия;Филиппо Брунеллески
;212;Сан-Марко;1437 год;Флоренция, Италия;Микелоццо ди Бартоломео
;213;Палаццо Веккьо;1299 год;Флоренция, Италия;Арнольфо ди Камбио
;214;Капелла Портинари;1462 год;Милан, Италия;Гвинифорте Солари
;215;Санта-Мария-делла-Паче;1482 год;Рим, Италия;Донато Браманте
;216;Санта-Мария-делле-Грацие;1466 год;Милан, Италия;Гвинифорте Солари, Донато Браманте
;217;Площадь Дукале;1492 год;Виджевано, Италия;Донато Браманте
;218;Темпьетто;1502 год;Рим, Италия;Донато Браманте
;219;Лестница Браманте;1505 год;Ватикан;Донато Браманте
;220;Сант-Андреа-ин-виа-Фламиниа;1552 год;Рим, Италия;Джакомо Бароцци да Виньола
;221;Вилла Джулия;1551 год;Рим, Италия;Джакомо Бароцци да Виньола
;222;Вилла Фарнезе;1558 год;Капрарола, Италия;Джакомо Бароцци да Виньола
;223;Церковь Иль-Джезу;1568 год;Рим, Италия;Джакомо Бароцци да Виньола и Джакомо Делла Порта
;224;Вилла Годи;1537 год;Луго-ди-Виченца, Италия;Андреа Палладио
;225;Вилла Пьовене;1539 год;Луго-ди-Виченца, Италия;Андреа Палладио
;226;Палладианская базилика ;1549 год;Виченца, Италия;Андреа Палладио
;227;Палаццо Кьерикати;1550 год;Виченца, Италия;Андреа Палладио
;228;Базилика Сан-Пьетро-ди-Кастелло;1558 год;Венеция, Италия;Андреа Палладио
;288;Ораторий Санта-Мария-дельи-Анджели (не был достроен);1434 год;Флоренция, Италия;Филиппо Брунеллески
;289;Грановитая палата;1487 год;Москва, Россия;Марк Фрязин и Пьетро Антонио Солари
;290;Беклемишевская башня;1488 год;Москва, Россия;Марк Фрязин
;291;Павийская Чертоза;1396 год;провинция Павия, Италия;Марко Солари
;292;Константино-Еленинская башня;1490 год;Москва, Россия;Пьетро Антонио Солари
;293;Санта-Мария Ассунта;1488 год;Павия, Италия;Донато Браманте
;294;Дворец Канчеллерия;1483 год ;анклав Ватикана в Риме, Италия;Донато Браманте
;295;Ворота Пия;1561 год;Рим, Италия;Микеланджело Буонарроти
;296;Санта-Мария-дельи-Анджели-э-дей-Мартири;1561 год;Рим, Италия;Микеланджело Буонарроти
;297;Палаццо Фарнезе;1514 год;Рим, Италия;Антонио да Сангалло Младший, Микеланджело Буонарроти, Джакомо делла Порта
;298;Библиотека Лауренциана;1525 год;Флоренция, Италия;Микеланджело Буонарроти
;299;Вилла Мадама;1518 год;Рим, Италия;Рафаэль Санти, Антонио да Сангалло Младший
;300;Палаццо Бальдассини;1516 год;Рим, Италия;Антонио да Сангалло Младший 
;301;Базилика Сан-Джованни-деи-Фиорентини;1523 год;Рим, Италия;Антонио да Сангалло Младший и Джакомо делла Порта
;302;Национальная Библиотека Марчиана;1537 год;Венеция, Италия;Якопо Сансовино
;303;Лоджетта ;1537 год;Венеция, Италия;Якопо Сансовино
;304;Палаццо Дольфин-Манин;1536 год;Венеция, Италия;Якопо Сансовино
;305;Палаццо делла Лоджия;1492 год;Брешия, Италия;Донато Браманте
;306;Палаццо дель Те;1524 год;Мантуя, Италия;Джулио Романо
;307;Капелла Медичи;1519 год;Флоренция, Италия;Микеланджело Буонарроти
;531;Вилла Корнаро;1552 год;Пьомбино-Дезе, Италия;Андреа Палладио
;532;Вилла Барбаро;1558 год;Мазер, Италия;Андреа Палладио
;533;Вилла Фоскари;1559 год;Мира, Италия;Андреа Палладио
;534;Вилла Эмо;1558 год;близ Веделаго, Италия;Андреа Палладио
Барокко;;;;;
;42;Зимний дворец;1754 год;Санкт-Петербург, Россия;Франческо Растрелли
;43;Карлскирхе;1716 год;Вена, Австрия;Иоганн и Йозеф Фишер фон Эрлахи
;44;Собор Святого Павла;1675 год;Лондон, Великобритания;Кристофер Рен
;45;Сан-Карло алле Куатро Фонтане;1638 год;Рим, Италия;Франческо Борромини
;81;Базилика Санта-Кроче;1549 год;Лечче, Италия;Габриэле Рикарди и Джузеппе Цингарелло
;82;Андреевская церковь;1747 год;Киев, Украина;Франческо Растрелли и Иван Фёдорович Мичурин
;83;Палаццо Кариньяно;1679 год;Турин, Италия;Гварино Гварини
;84;Собор святого Юра;1760 год;Львов, Украина ;Бернард Меретин
;85;Рождественская (Строгановская) церковь;1696 год;Нижний Новгород, Россия;Лев Владимирович Даль и Роберт Яковлевич Килевейн
;86;Ступиниджи;1729 год;Никелино(близ Турина), Италия;Филиппо Юварра
;87;Фрауэнкирхе;1726 год;Дрезден, Германия;Георг Бер
;160;Сант-Андреа-аль-Квиринале;1658 год;Рим, Италия;Джованни Лоренцо Бернини
;161;Собор Сакатекаса;1730 год;Сакатекас, Мексика;не известен
;162;Церковь Валь-де-Грас;1667 год;Париж, Франция ;Франсуа Мансар, Жак Лемерсье, Пьер Ле Мюэ, Габриэль Ле Дюк
;247;Палаццо Барберини;1625 год;Рим, Италия;Карло Мадерна, Франческо Борромини, Джованни Лоренцо Бернини
;248;Церковь Сант-Иво-алла-Сапьенца;1642 год;Рим, Италия;Франческо Борромини
;249;Латеранская базилика ;1646 год;Рим, Италия;Франческо Борромини
;250;Сантуарио-делла-Консолата;1678 год;Турин, Италия;Гварино Гварини
;251;Церковь святого Лаврентия;1668 год;Турин, Италия;Гварино Гварини
;252;Сантиссима-Аннунциата-деи-Театини;1660 год;Мессина, Италия;Гварино Гварини
;253;Санта-Мария-ин-Виа-Лата;1658 год;Рим, Италия;Пьетро да Кордона
;254;Сан-Карло-аль-Корсо;1612 год;Рим, Италия;Онорио Лонги, Мартино Лонги-младший, Пьетро да Кордона
;255;Церковь святых Луки и Мартины ;1635 год;Рим, Италия;Пьетро да Кордона
;256;Собор святого Петра;1506 год;Ватикан;Донато Браманте, Микеланджело, Джованни Лоренцо Бернини и др.
;257;Палаццо Монтечиторио;1653 год;Рим, Италия;Джованни Лоренцо Бернини и Карло Фонтана
;258;Церковь Сан-Томмазо да Вилланова;1657 год;Кастель-Гандольфо, Италия;Джованни Лоренцо Бернини
;259;Большой Екатерининский дворец;1752 год;Санкт-Петербург, Россия;Франческо Бартоломео Растрелли
;260;Воронцовский дворец;1749 год;Санкт-Петербург, Россия;Франческо Бартоломео Растрелли
;261;Рундальский дворец;1736 год;Пилсрундале, Латвия;Франческо Бартоломео Растрелли
;457;Ораторио-дей-Филиппини;1632 год;Рим, Италия;Франческо Борромини
;458;Сант-Аньезе-ин-Агоне;1652 год;Рим, Италия;Франческо Борромини
;459;Палаццо Памфили;1644 год;Рим, Италия;Джилорамо Райнальди и Франческо Борромини
;460;Палаццо Спада;1632 год;Рим, Италия;Франческо Борромини
;461;Сант-Андреа-делле-Фратте;1653 год;Рим, Италия;Франческо Борромини
;462;Дворец Шёнбрунн;1696 год;Вена, Австрия;Иоганн Бернхард Фишер фон Эрлах
;463;Церковь Святой Троицы;1694 год;Зальцбург, Австрия;Иоганн Бернхард Фишер фон Эрлах
;464;Верхний Бельведер (Вена);1722 год;Вена, Австрия;Иоганн Лукас фон Хильдебрандт
;465;Здание Австрийской национальной библиотеки;1722 год;Вена, Австрия;Иоганн и Йозеф Фишер фон Эрлахи
;466;Дворец Шварценберг (Вена);1697 год;Вена, Австрия;Иоганн Лукас фон Хильдебрандт и Иоганн Бернхард Фишер фон Эрлах
;467;Собор Дома инвалидов;1679 год;Париж, Франция ;Жюль Ардуэн-Мансар
;468;Замок Ховард;1699 год;графство Северный-Йоркшир, Великобритания;Джон Ванбру
;469;Чатсуорт-хаус;1687 год;графство Дербишир, Великобритания;Уильям Талман
;470;Санта-Сусанна;1603 год;Рим, Италия;Карло Мадерна
;471;Санта-Мария-делла-Виттория;1608 год;Рим, Италия;Карло Мадерна
;472;Палаццо Маттеи ди Джове;1598 год;Рим, Италия;Карло Мадерна
;473;Палаццо Боргезе;1561 год;Рим, Италия;Джакомо Бароцци да Квиньола
;490;Летний дворец Петра I;1710 год;Санкт-Петербург, Россия;Доменико Трезини
;491;Петропавловский собор ;1712 год;Санкт-Петербург, Россия;Доменико Трезини
;492;Здание Двенадцати Коллегий;1722 год;Санкт-Петербург, Россия;Доменико Трезини
;493;Свято-Троицкая Александро-Невская лавра;1710 год;Санкт-Петербург, Россия;Доменико Трезини
;494;Храм Покрова Пресвятой Богородицы в Филях;1690 год;Москва, Россия;не известен
;495;Церковь Архангела Михаила в Станиславле;1696 год;Москва, Россия;не известен
;496;Надвратная Церковь Покрова Пресвятой Богородицы в Высоко-Петровском монастыре;1690 год;Москва, Россия;не известен
;497;Церковь Троицы Живоначальной;1696 год;Москва, Россия;Евдокия Абрамовна Чирикова
;498;Меньшиковский дворец;1710 год;Санкт-Петербург, Россия;Джиованни Мария Фонтана и Готфрид Иоганн Шедель
;499;Меншикова башня;1704 год;Москва, Россия;Иван Петрович Зарудный
;500;Храм Святого Иоанна Воина на Якиманке;1704 год;Москва, Россия;Иван Петрович Зарудный
;501;Церковь Смоленской иконы Божией Матери (Кривцы);1703 год;Московская область, Россия;не известен
;502;Церковь Знамения Пресвятой Богородицы (Дубровицы);1690 год;Московская область, Россия;не известен
;503;Церковь Покрова Пресвятой Богородицы в Тропарёво;1713 год;Московская область, Россия;не известен
;504;Путевой дворец (Стрельна);1716 год;Санкт-Петербург, Россия;Жан-Батист Леблон и Николо Микетти
;505;Большой Стрельнинский дворец;1720 год;Санкт-Петербург, Россия;Жан-Батист Леблон и Николо Микетти
;506;Кикины палаты;1714 год;Санкт-Петербург, Россия;не известен
;507;Кунксткамера;1718 год;Санкт-Петербург, Россия;Георг Иоганн Маттарнови
;508;Монплезир;1714 год;Санкт-Петербург, Россия;Иоганн Фридрих Браунштейн
;509;Дворец Марли;1720 год;Санкт-Петербург, Россия;Иоганн Фридрих Браунштейн
;510;Храм Архангела Михаила в Тропарёве;1693 год;Москва, Россия;гипотетический зодчий Пётр Потапов (приписывается)
;511;Строгановский дворец ;1753 год;Санкт-Петербург, Россия;Франческо Бартоломео Растрелли
;512;Николо-Богоявленский морской собор;1753 год;Санкт-Петербург, Россия;Савва Иванович Чевакинский
;513;Фонтанный дом;конец 1730-х - начало 1740-х;Санкт-Петербург, Россия;Г.Д. Дмитриев, Савва Иванович Чевакинский, Фёдор Семёнович Аргунов
;514;Собор Рождества Пресвятой Богородицы (Козелец);1752 год;Черниговская область, Украина;Андрей Васильевич Квасов и Иван Григорьевич Григорович-Барский
;515;Благовещенская церковь Александро-Невской лавры;1717 год;Санкт-Петербург, Россия;Доменико Трезини, Кристоф Конрад, Теодор Швертфегер
;613;Сант-Иньяцио;1626 год;Рим, Италия;Карло Мадерна и Орацио Грасси
;614;Пласа-Майор;1617 год;Мадрид, Испания;Хуан Гомес де Мора
Классицизм;;;;;
;46;Новая Вахта;1816 год;Берлин, Германия;Карл Фридрих Шенкель
;47;Пантеон ;1758 год;Париж, Франция ;Жак-Жермен Суффло
;48;Площадь Согласия;1755 год;Париж, Франция ;Анж-Жак Габриэль
;49;Дом-сокровищница Уобёрн-Эбби;1748 год;графство Бедфордшир, Великобритания;Генри Флиткрофт
;102;Версаль;1661 год;Париж, Франция ;Луи Лево и Жюль Ардуэн-Мансар
;103;Банкетинг-хаус;1619 год;Лондон, Великобритания;Иниго Джонс
;104;Главное адмиралтейство;1823 год;Санкт-Петербург, Россия;Иван Кузьмич Коробов и Андреян Дмитриевич Захаров
;105;Квинс-хаус;1614 год;Гринвич, Великобритания;Иниго Джонс
;106;Луврский дворец ;1527 год;Париж, Франция ;Пьер Леско, Жак Лемерсье, Луи Лево и др.
;107;Церковь святого Павла;1631 год;Лондон, Великобритания;Иниго Джонс
;108;Таврический дворец;1783 год;Санкт-Петербург, Россия;Иван Старов
;163;Площадль Шарля де Голля (Площадь Звезды);1854 год;Париж, Франция ;Барон Осман
;164;Собор святого Георгия;1797 год;Стамбул, Турция;патриарх Григорий V
;165;Триумфальная арка в Париже;1806 год;Париж, Франция ;Жан-Франсуа Шальгрен
;166;Триумфальная арка на площади Каррузель;1806 год;Париж, Франция ;Шарль Персье и Пьер Фонтен
;350;Усадьба Кирьяново;1783 год;Санкт-Петербург, Россия;Джакомо Кваренги
;351;Здание Петербургской академии наук;1783 год;Санкт-Петербург, Россия;Джакомо Кваренги
;352;Дом Салтыкова;1784 год;Санкт-Петербург, Россия;Джакомо Кваренги
;353;Собор святых Петра и Павла;1841 год;Таллин, Эстония;Карл Иванович Росси
;354;Колокольня Юрьева монастыря;1838 год;Великий Новгород, Россия;Карл Иванович Росси
;355;Елагин дворец;1818 год;Санкт-Петербург, Россия;Карл Иванович Росси
;356;Павловский дворцово-парковый ансамбль;1782 год;Павловск, Россия;Чарлз Камерон, Винченцо Бренна, Джакомо Кваренги, А.Н.Воронихин, К.И.Росси
;357;Воронихинские колоннады;1800 год;Петергоф, Россия;Андрей Никифорович Воронихин
;358;Казанский собор;1801 год;Санкт-Петербург, Россия;Андрей Никифорович Воронихин
;359;Здание Санкт-Петербургского горного института;1806 год;Санкт-Петербург, Россия;Андрей Никифорович Воронихин
;360;Больница Отель-Дьё;1748 год;Лион, Франция;Жак-Жермен Суффло
;361;Замок Менар;1764 год;Менар, Франция;Жак-Жермен Суффло
;362;Школа права в Париже;1771 год;Париж, Франция ;Жак-Жермен Суффло
;363;Особняк Губина;1793 год;Москва, Россия;Матвей Фёдорович Казаков
;364;Церковь Филиппа Митрополита в Мещанской слободе;1777 год;Москва, Россия;Матвей Фёдорович Казаков
;365;Городская клиническая больница №4 (Павловская больница);1803 год;Москва, Россия;Матвей Фёдорович Казаков
;366;Здание Главного штаба;1819 год;Санкт-Петербург, Россия;Карл Иванович Росси
;367;Александринский театр;1828 год;Санкт-Петербург, Россия;Карл Иванович Росси
;368;Императорская публичная библиотека;1795 год;Санкт-Петербург, Россия;Егор Тимофеевич Соколов, К.И.Росси, Василий Иванович Собольщиков, Евграф Сергеевич Воротилов
;369;Здания Сената и Синода;1829 год;Санкт-Петербург, Россия;Карл Иванович Росси
;370;Михайловский дворец;1819 год;Санкт-Петербург, Россия;Карл Иванович Росси
;371;Здание Ассигнационного банка;1783 год;Санкт-Петербург, Россия;Джакомо Кваренги
;372;Малый Гостиный двор;точная дата неизвестна, 1790-е ;Санкт-Петербург, Россия;Джакомо Кваренги
;373;Дом Иностранной коллегии;1782 год;Санкт-Петербург, Россия;Джакомо Кваренги
;374;Усадьба Братцево;1813 год;Москва, Россия;Андрей Никифорович Воронихин
;375;Кенвуд-хаус;1764 год;Лондон, Великобритания;Роберт Адам
;376;Кедлстон-холл;1759 год;графство Дербишир, Великобритания;Роберт Адам
;377;Замок Уэддерберн;1771 год;графство Берикшир, Великобритания;Роберт Адам и Джеймс Адам
;378;Усадьба Меллерстейн;точная дата неизвестна, 1770-е ;близ Келсо, Шотландия;Роберт Адам
;379;Особняк П.Ф.Балка;1741 год;Санкт-Петербург, Россия;Иван Кузьмич Коробов
;380;Соляной городок;1780 год;Санкт-Петербург, Россия;Фёдор Иванович Волков
;381;Церковь святого великомученика и целителя Пантелеимона;1735 год;Санкт-Петербург, Россия;Иван Кузьмич Коробов
;382;Вилла Траверси Титтони;1776 год;Дезио, Италия;Джузеппе Пьермарини
;383;Королевская вилла Монца;1777 год;Монца, Италия;Джузеппе Пьермарини
;384;Театр "Ла-Скала";1776 год;Милан, Италия;Джузеппе Пьермарини
;385;Палаццо Бельджойозо;1772 год;Милан, Италия;Джузеппе Пьермарини
;386;Палаццо Греппи;1772 год;Милан, Италия;Джузеппе Пьермарини
;387;Во-ле Виконт;1658 год;близ Менси, Франция;Луи Лево
;388;Отель Ламбер;1640 год;Париж, Франция ;Луи Лево
;605;Театр Лицеум;1834 год;Лондон, Великобритания;Сэмюэл Бизли
;606;Большой театр;1820 год;Москва, Россия;Осип Иванович Бове
;607;Малый театр;1824 год;Москва, Россия;Осип Иванович Бове и Александр Филиппович Элькинский
;615;Смольный институт;1806 год;Санкт-Петербург, Россия;Джакомо Кваренги
Рококо ;;;;;
;50;Воскресенский собор Смольного монастыря;1748 год;Санкт-Петербург, Россия;Франческо Бартоломео Растрелли
;51;Китайский дворец ;1757 год;Санкт-Петербург, Россия;Антонио Ринальди
;52;Павильон Катальная горка ;1762 год;Санкт-Петербург, Россия;Антонио Ринальди
;53;Церковь Святого Франциска;1766 год;Ору-Прету, Бразилия;Алейжадинью
;54;Дворец Келуш;1747 год;Келуш, Португалия;Матеуш Винсенте де Оливейра
;55;Амалиенбург;1734 год;Мюнхен, Германия;Франсуа де Кювилье Старший
;474;Охотничий домик Фалькенлуст;1729 год;Брюль, Германия;Франсуа де Кювилье Старший
;475;Дворец Хольштайн;1733 год;Мюнхен, Германия;Франсуа де Кювилье Старший
;476;Театр Старой Резиденции;1751 год;Мюнхен, Германия;Франсуа де Кювилье Старший
;477;Райнсбергский дворец;1737 год;Райнсберг, Германия;Георг Венцеслаус фон Кнобельсдорф и Иоганн Готфрид Кемметер
;478;Дворец Шарлоттенбург;1695 год;Берлин, Германия;Иоганн Арнольд Неринг, Мартин Грюнберг, Иоганн Фридрих Эозандер, Георг Венцеслаус фон Кнобельсдорф
;479;Городской дворец;1744 год;Потсдам, Германия;Георг Венцеслаус фон Кнобельсдорф
;480;Вюрцбургская резиденция;1720 год;Вюрцбург, Германия;Бальтазар Нейман
;481;Отель Богарне;1713 год;Париж, Франция ;Жермен Бофран
;482;Отель Краон;1717 год;Нанси, Франция;Жермен Бофран
;483;Библиотека Арсенала;1715 год;Париж, Франция ;Жермен Бофран
;484;Люневильский дворец;1702 год;Люневиль, Франция;Жермен Бофран
;485;Замок Вендевр;1750 год;близ Лизьё, Франция;Жак-Франсуа Блондель Младший
;486;Здание Гауптвахты на Оружейной площади;1761 год;Мец, Франция;Жак-Франсуа Блондель Младший
;487;Базилика четырнадцати святых помощников;1743 год;Бад-Штаффельштайн, Германия;Бальтазар Нейман
;488;Троицкая Церковь (Гайбах);1743 год;Фольках, Германия;Бальтазар Нейман
;489;Часовня Святого Креста;1741 год;Китцинген, Германия;Бальтазар Нейман
Романтизм ;;;;;
;167;Дворец Бленхейм;1705 год;Вудсток, Великобритания;Джон Ванбру и Николас Хоксмур
;168;Вестминстерский дворец;1840 год;Лондон, Великобритания;Чарльз Бэрри и Огастес Пьюджин
;169;Тринити-чёрч;1839 год;Нью-Йорк, США;Ричард Апджон
;170;Замок Леднице;1846 год;Южная Моравия, Чехия;Георг Вингельмюллер
;171;Царицынский дворец;1786 год;Москва, Россия;Матвей Фёдорович Казаков
;172;Церковь святого Александра Невского;1831 год;Санкт-Петербург, Россия;Карл Фридрих Шенкель
;579;Спасский Староярмарочный собор;1818 год;Нижний Новгород, Россия;Огюст Монферран и Августин Бетанкур
;580;Александровская колонна;1834 год;Санкт-Петербург, Россия;Огюст Монферран
;581;Певческий мост;1838 год;Санкт-Петербург, Россия;Вильям Гесте и Егор Андреевич Адам
;582;Замок Хайклер;1838 год;графство Хэмпшир, Великобритания;Чарльз Бэрри
;583;Замок Данробин;1835 год;Сазерленд, Шотландия;Чарльз Бэрри
;584;Кливден;1850 год;графство Бакингемшир, Великобритания;Чарльз Бэрри
;585;Собор Святого Чеда;1839 год;Бирмингем, Великобритания;Огастес Пьюджин
;586;Ноттингемский собор;1841 год;Ноттингем, Великобритания;Огастес Пьюджин
;587;Свободная Церковь Шотландии Святого Колумбы;1842 год;Эдинбург, Шотландия;Огастес Пьюджин
;588;Собор Святого Георгия;1848 год;Лондон, Великобритания;Огастес Пьюджин
;589;Гранд-опера;1861 год;Париж, Франция ;Шарль Гарнье
;590;Вилла Гарнье;1871 год;Бордигера, Италия;Шарль Гарнье
;591;Вилла Этелинда;1873 год;Бордигера, Италия;Шарль Гарнье
;592;Обсерватория Ниццы;1879 год;Ницца, Франция;Шарль Гарнье и Гюстав Эйфель
;593;Театр Мариньи;1883 год;Париж, Франция ;Шарль Гарнье и Эдуард Ниерманс
;594;Линдерхоф;1870 год;село Этталь, Германия;Георг фон Дольман 
;595;Королевская усадьба на Шахене;1869 год;земля Бавария, Германия;Георг фон Дольман
;596;Херренкимзе;1878 год;земля Бавария, Германия;Георг фон Дольман
;597;Замок Нойшванштайн;1869 год;земля Бавария, Германия;Кристиан Янк, Эдуард фон Ридель, Георг фон Дольман, Юлиус Хофманн
;598;Церковь Святого Креста;1866 год;Мюнхен, Германия;Георг фон Дольман
;599;Дом Полтавского губернского земства;1903 год;Полтава, Украина;Василий Григорьевич Кричевский
;600;Замок Хоэншвангау ;1832 год;земля Бавария, Германия;Доменико Квальо
;601;Церковь Рождества святого Иоанна Предтечи (Чесменская);1777 год;Санкт-Петербург, Россия;Юрий Матвеевич Фельтен
;602;Приоратский дворец;1798 год;Гатчина, Россия;Николай Александрович Львов
;603;станция Петергофской железной дороги "Новый Петергоф";1855 год;Санкт-Петербург, Россия;Николай Леонтьевич Бенуа
;604;Здание венгерского парламента;1885 год;Будапешт, Венгрия;Имре Штейндль
Историзм ;;;;;
;56;Исакиевский собор;1818 год;Санкт-Петербург, Россия;Огюст Монферран
;57;Королевский павильон;1815 год;Брайтон, Великобритания;Джон Нэш
;58;Храм всех религий ;1992 год;Казань, Россия ;Ильдар Мансавеевич Ханов
;59;Храм Христа Спасителя ;1837 год;Москва, Россия ;Константин Андреевич Тон
;608;Театр "Орфеум";1926 год;Лос-Анджелес, США;Гюстав Альберт Лансбург
Модерн;;;;;
;60;Гостиница Астория;1911 год;Санкт-Петербург, Россия;Фёдор Иванович Лидваль
;61;Особняк А. И. Дерожинской;1901 год;Москва, Россия;Фёдор Осипович Шехтель
;62;Эйфелева башня;1889 год;Париж, Франция ;Густав Эйфель
;63;Ярославский вокзал;1880 год;Москва, Россия ;Фёдор Осипович Шехтель
;114;Каса-Мила;1906 год;Барселона, Испания;Антонио Гауди
;115;Дом Грибушина;1895 год;Пермь, Россия;Александр Бонавентурович Турчевич
;116;Вилла Руджери;1902 год ;Пезаро, Италия;Джозеф Брега
;117;Каса-Батльо;1904 год;Барселона, Испания;Антонио Гауди
;118;Особняк О.А.Листа;1898 год;Москва, Россия;Лев Николаевич Кекушев
;119;Особняк Рябушинского;1900 год ;Москва, Россия;Фёдор Осипович Шехтель
;120;Парк Гуэль;1900 год ;Барселона, Испания;Антонио Гауди
;121;Торговый дом купца Оганова;1903 год;Владикавказ, Россия;Иван Васильевич Рябикин
;173;Вестминстерский собор;1895 год;Лондон, Великобритания;Джон Фрэнсис Бентли
;174;Дворец каталонской музыки;1905 год;Барселона, Испания;Льюис Доменек-и-Монтанер
;175;Палаццо д'Аронко;1911 год;Удине, Италия;Раймондо д'Аронко
;176;Дворец Стокле;1905 год;Брюссель, Бельгия;Йозеф Хоффман
;177;Дом Тальберга;1897 год;Хельсинки, Финляндия;Герман Газеллиус, Армас Линдрген и Элиэль Сааринен
;178;Торговый центр La Samaritaine ;1926 год;Париж, Франция ;Фредерик Анри Соваж
;179;Народный дом в Простеёве;1905 год;Простеёв, Чехия;Ян Котера
;180;Особняк Тассель;1893 год;Брюссель, Бельгия;Виктор Орта
;181;Искупительный храм Святого Семейства;1883 год;Барселона, Испания;Антонио Гауди
;182;Универмаг в городе Вроцлав;1912 год;Вроцлав, Польша;Ганс Пельциг
;315;Дом с глашатаями;1898 год;Вена, Австрия;Отто Коломан Вагнер
;316;Церковь Ам-Штайнхоф;1903 год;Вена, Австрия;Отто Коломан Вагнер
;317;Майоликовый дом;1898 год;Вена, Австрия;Отто Коломан Вагнер
;318;Вилла "Отто Вагнер II";1912 год;Вена, Австрия;Отто Коломан Вагнер
;319;Вилла "Отто Вагнер I";1886 год;Вена, Австрия;Отто Коломан Вагнер
;320;Храм "Дазан Гунзэчойнэй";1909 год;Санкт-Петербург, Россия;Гавриил Васильевич Барановский
;321;Елисеевский магазин;1902 год ;Санкт-Петербург, Россия;Гавриил Васильевич Барановский
;322;Жилой дом;1899 год;Санкт-Петербург, Россия;Гавриил Васильевич Барановский
;323;Здание Русского географического общества;1907 год;Санкт-Петербург, Россия;Гавриил Васильевич Барановский
;324;Храм Преображения Господня;1908 год;Красноярск, Россия;Владимир Александрович Соколовский
;325;Дом Цукермана;1910 год;Красноярск, Россия;Владимир Александрович Соколовский
;326;Особняк В.Н.Гадаловой;1913 год;Красноярск, Россия;Владимир Александрович Соколовский
;327;Здание общественного собрания;1913 год;Красноярск, Россия;Владимир Александрович Соколовский
;328;Торговый дом Либмана;1909 год ;Красноярск, Россия;Владимир Александрович Соколовский
;329;Моцартеум в Праге;1911 год;Прага, Чехия;Ян Котера
;330;Здание юридического факультета Карлова университета;1926 год;Прага, Чехия;Ян Котера
;331;Вилла Котера в Праге-Виноградах;1908 год;Прага, Чехия;Ян Котера
;332;Вилла Гетца;1907 год;деревня Хрустенице, Чехия;Ян Котера
;333;Музей Восточной Богемии ;1909 год;Градец-Кралове, Чехия;Ян Котера
;334;Костёл Святого Иосифа;1891 год;Николаев, Украина;Владислав Александрович Домбровский
;335;Здание главного почтамта;1893 год;Одесса, Украина;Владислав Александрович Домбровский
;336;Собор святого Климента;1899 год;Одесса, Украина;Владислав Александрович Домбровский
;337;Новая Биржа;1894 год;Одесса, Украина;А.И. Бернардацци,  В.И.Прохаска,  В.А.Домбровский
;405;Дворец Гуэль;1885 год;Барселона, Испания;Антонио Гауди
;406;Дом Висенс;1883 год;Барселона, Испания;Антонио Гауди
;407;Торговый дом Морозова;1898 год;Москва, Россия;Фёдор Осипович Шехтель
;408;Доходный дом Строгановского училища;1904 год;Москва, Россия;Фёдор Осипович Шехтель
;409;МХТ имени А.П.Чехова;1902 год ;Москва, Россия;Фёдор Осипович Шехтель
;410;Вход в метро;1900 год ;Париж, Франция ;Эктор Гимар
;411;Дом компании "Зингер";1902 год ;Санкт-Петербург, Россия;Павел Юльевич Сюзор
;535;Дом Ботинес;1891 год;Леон, Испания;Антонио Гауди
;536;Епископский дворец;1887 год;Асторга, Испания;Антонио Гауди и Риккардо Гарсия Герета
;537;Винные погреба Гуэля;1895 год;Сиджес, Испания;Антонио Гауди
;538;Особняк Ван Этвельде ;1895 год;Брюссель, Бельгия;Виктор Орта
;539;Музей Орта;1898 год;Брюссель, Бельгия;Виктор Орта
;540;Здание Бельгийского музея комиксов;1896 год;Брюссель, Бельгия;Виктор Орта
;541;Дом сецессиона;1897 год;Вена, Австрия;Йозеф Мария Ольбрих
;542;Свадебная башня ;1908 год ;Дармштадт, Германия;Йозеф Мария Ольбрих
;543;Дом Ольбриха;1901 год;Дармштадт, Германия;Йозеф Мария Ольбрих
;544;Дом Эрнста Людвига;1901 год;Дармштадт, Германия;Йозеф Мария Ольбрих
;545;Дом Вильгельма Дитера;1901 год;Дармштадт, Германия;Йозеф Мария Ольбрих
;546;Павильон станции метро Карлсплац;1894 год;Вена, Австрия;Отто Коломан Вагнер
;547;Вилла Райнер;1900-е годы;Баден, Австрия;Отто Коломан Вагнер
;548;Особняк Гимара;1909 год;Париж, Франция ;Эктор Гимар
;549;Кастель Беранже;1895 год;Париж, Франция ;Эктор Гимар
;550;Отель Поля Меззара;1910 год;Париж, Франция ;Эктор Гимар
;551;Синагога на улице Пави;1913 год;Париж, Франция ;Эктор Гимар
;552;Мэзон Койлио;1898 год;Лилль, Франция;Эктор Гимар
;609;Театр Колизеум;1904 год;Лондон, Великобритания;Фрэнк Мэтчем
Модернизм и его ответвления: конструктивизм, функционализм и другие;;;;;
;64;Дом Культуры ЗИЛ;1937 год;Москва, Россия;А.А. и В.А. Веснины
;65;Дом Культуры имени И.В.Русакова;1927 год;Москва, Россия;Константин Степанович Мельников
;66;Дом правительства ;1930 год;Минск, Беларусь;Иосиф Григорьевич Лангбард
;67;Харьковский Госпром;1925 год;Харьков, Украина;С. С. Серафимов и С. М. Кравец
;68;Гаранти-билдинг;1896 год;Буффало, США;Данкмар Адлер, Луис Генри Салливан
;69;Здание ЮНЕСКО;1958 год;Париж, Франция ;П. Зерфюсс,  М. Брейер, П.Нерви
;70;Gropious-House;1938 год;Линкольн, США;Вальтер Гропиус
;71;Административное здание Баухаус;1925 год;Дессау, Германия;Вальтер Гропиус
;72;Здание Центросоюза;1928 год;Москва, Россия;Ле Корбюзье
;109;Дом Культуры имени С.М.Зуева;1927 год;Москва, Россия;Илья Александрович Голосов
;110;Дом Мельникова;1927 год;Москва, Россия;Константин Степанович Мельников
;111;Здание газеты "Известия";1925 год;Москва, Россия;Григорий Борисович Бархин
;112;Кировский райсовет (Дом советов Московско-Нарвского района);1930 год;Санкт-Петербург, Россия;Ной Абрамович Троцкий
;113;Дом-коммуна на улице Орджоникидзе;1929 год;Москва, Россия ;Иван Сергеевич Николаев
;138;Bellavista;1934 год;Копенгаген, Дания;Арне Якобсен
;139;Башня олимпийского стадиона;1934 год;Хельсинки, Финляндия;Юрьё Линдегрен и Тойво Янтти
;140;Вилла Савой;1929 год;Париж, Франция ;Ле Корбюзье
;141;Башня Эйнштейна;1924 год;Потсдам, Германия;Эрих Мендельсон
;183;Гараж "Интуриста";1932 год;Москва, Россия;Константин Степанович Мельников и Валерий Иванович Курочкин
;184;Здание универмага на Красной Пресне;1927 год;Москва, Россия;Александр, Виктор и Леонид Веснины
;313;Центральный академический театр Российской армии;1934 год;Москва, Россия;Каро Алабян, Василий Симбирцев, Борис Бархин
;314;Чилехаус;1922 год;Гамбург, Германия;Йохан Фридрих Хёгер
;412;Башня Пирелли;1956 год;Милан, Италия;Джио Понти и Пьер Луиджи Нерви
;413;Зал аудиенций Павла VI;1964 год;Ватикан;Пьер Луиджи Нерви
;414;Собор Девы Марии ;1967 год;Сан-Франциско, США;Пьер Луиджи Нерви и Пьетро Беллуши
;415;Палаццо делла Мода э Торино Эспозициони;1938 год;Турин, Италия;Этторе Соттсасс и Пьер Луиджи Нерви
;416;Национальный дом парламента Бангладеш;1961 год;Дакка, Бангладеш;Луис Кан
;417;Библиотека академии Филлипса;1965 год;Эксетер, США;Луис Кан
;418;Индийский институт управления;1962 год;Ахмадабад, Индия;Луис Кан
;419;Дворец съездов (Рим);1938 год;Рим, Италия;Адальберто Либера
;420;Реконструкция синагоги "Хурва";1967 год;Иерусалим, Израиль;Луис Кан
;421;Здание администрации префектуры Кагава;1955 год;Такэмацу, Япония;Кэндзо Тангэ
;422;Мемориальный музей мира;1955 год;Хиросима, Япония;Кэндзо Тангэ
;423;Отель Grand Prince Akasaka;1955 год;Токио, Япония;Кэндзо Тангэ
;424;Дворец Ассамблеи;1951 год;Чандигарх, Индия;Ле Корбюзье
;425;Здание Секритариата;1953 год;Чандигарх, Индия;Ле Корбюзье
;426;Жилая единица;1945 год;Марсель, Франция;Ле Корбюзье
;427;Монастырь Сент-Мари-де-ла-Туретт;1956 год;близ Лиона, Франция;Ле Корбюзье
;428;Нотр-Дам-дю-О;1950 год;Роншан, Франция;Ле Корбюзье
;429;НМИЦ онкологии имени Н.Н. Блохина;конец 1950-х - начало 1960-х;Москва, Россия;Игорь Михайлович Виноградский
;430;Павильон №29 "Цветоводство и озеленение";1969 год;Москва, Россия;Игорь Михайлович Виноградский
;431;Главный пресс-центр "Олимпиады-80";1978 год;Москва, Россия ;Игорь Михайлович Виноградский, Сергей Павлович Хаджибаронов и другие
;432;Кафе "Времена года" (сейчас - Музей современного искусства "Гараж");1968 год;Москва, Россия;Игорь Михайлович Виноградский и Игорь Пяткин, отреставрировано Ремом Колхасом
;433;Главное здание Российской государственной библиотеки;1928 год;Москва, Россия;Владимир Георгиевич Гельфрейх и Владимир Алексеевич Щуко
;434;Дом правительства Абхазской АССР;1932 год;Сухуми, Абхазия;Владимир Алексеевич Щуко
;435;Первая подстанция Московского метрополитена;1934 год;Москва, Россия;Даниил Фёдорович Фридман
;436;Дом Союзпушнины;1937 год;Санкт-Петербург, Россия;Даниил Фёдорович Фридман
;437;"Дом-корабль";1929 год;Иваново, Россия;Даниил Фёдорович Фридман
;438;ЦУМ (Киев);1936 год;Киев, Украина;Даниил Фёдорович Фридман и Леонид Яковлевия Мецоян
;439;Музыкально-драматический театр имени В.Г. Магара;1929 год;Запорожье, Россия;Даниил Фёдорович Фридман
;440;Клиническая инфекционная больница имени С.П. Боткина;1927 год;Санкт-Петербург, Россия;Игорь Иванович Фомин и Лев Владимирович Руднев
;441;Профилакторий Кировского района;1928 год;Санкт-Петербург, Россия;Игорь Иванович Фомин, Лев Владимирович Руднев, Олег Леонидович Лялин, Якоб Осипович Свирский
;442;Кмитовский музей изобразительного искусства имени И.Д.Буханчука;1985 год;село Кмитов, Украина;Игорь Иванович Фомин
;443;Иваново-Вознесенский политехнический институт ;1928 год;Иваново, Россия;Игорь Иванович Фомин
;444;Вилла Малле-Стивенс;1926 год;Париж, Франция ;Робер Малле-Стивенс
;445;Вилла Кавруа;1929 год;Круа, Франция;Робер Малле-Стивенс
;446;Вилла Ноай;1923 год;Йер, Франция;Робер Малле-Стивенс
;447;Вилла Поля Пуаре;1924 год ;Мези-сюр-Сен, Франция;Робер Малле-Стивенс
;448;Дом коллектива;1929 год;Иваново, Россия;Илья Александрович Голосов
;449;Дом советов (Элиста);1928 год;Элиста, Россия;Илья Александрович Голосов и Борис Яковлевич Мительман
;450;Жилой дом Наркоматов иностранных дел и внешней торговли;1929 год;Москва, Россия;Илья Александрович Голосов, Исидор Леонтьевич Маркузе и другие
;451;Дом Наркомфина;1928 год;Москва, Россия;Моисей Яковлевич Гинзбург
;452;Дом правительства;1927 год;Алма-Ата, Казахстан;Моисей Яковлевич Гинзбург
;453;Дом на набережной;1927 год;Москва, Россия;Борис Михайлович Иофан
;454;Павильон СССР на Всемирной выставке в Париже 1937 года;1936 год;Москва, Россия;Борис Михайлович Иофан
;455;Дом советов (Хабаровск) ;1929 год;Хабаровск, Россия;Борис Яковлевич Улинич и Илья Александрович Голосов
;456;Жилой дом работников Завода имени Сталина;1935 год;Москва, Россия;Борис Яковлевич Улинич 
;553;Вилла Ла Рош/Жаннере;1923 год;Париж, Франция ;Ле Корбюзье и Пьер Жаннере
;554;Жилой комлекс в Берлине;1957 год;Берлин, Германия;Ле Корбюзье
;555;Национальный музей западного искусства;1957 год;Токио, Япония;Ле Корбюзье
;556;Дом Риля;1906 год;Потсдам, Германия;Людвиг Мис ван дер Роэ
;557;Вилла Тугендхат;1928 год;Брно, Чехия;Людвиг Мис ван дер Роэ
;558;Дом Фарнсуорт (Стеклянный дом);1945 год;штат Иллинойс, США;Людвиг Мис ван дер Роэ
;559;Новая национальная галерея;1962 год;Берлин, Германия;Людвиг Мис ван дер Роэ
;560;Мемориальная библиотека Мартина Лютера Кинга;1968 год;Вашингтон, США;Людвиг Мис ван дер Роэ
;561;Дом Ловелла;1927 год;Лос-Анджелес, США;Рихард Йозеф Нёйтра
;562;Шифф-хаус;1930-е годы;Сан-Франциско, США;Рихард Йозеф Нёйтра
;563;Столлер-хаус;1955 год;Лос-Анджелес, США;Рихард Йозеф Нёйтра
;564;Здание обувной фабрики "Фагус";1910 год;Альфельд, Германия;Вальтер Гропиус
;565;Аспирантский кампус в Гарварде;1949 год;Кембридж, США;Вальтер Гропиус
;566;Жилой дом для выставки "Интербау";1953 год;Берлин, Германия;Вальтер Гропиус
;567;Храм Единства;1904 год;Чикаго, США;Фрэнк Ллойд Райт
;568;резиденция Талиесин;1911 год;штат Висконсин, США;Фрэнк Ллойд Райт
;569;Дом Роби;1909 год;Чикаго, США;Фрэнк Ллойд Райт
;570;Дом над водопадом;1936 год;штат Пенсильвания, США;Фрэнк Ллойд Райт
;616;Дом Уралоблсовнархоза;1930 год;Екатеринбург, Россия;Моисей Яковлевич Гинзбург
Постмодернизм и его ответвления: хай-тек, деконструктивизм и другие;;;;;
;73;Здание рынка страхования Ллойд;1986 год;Лондон, Великобритания;Ричард Роджерс
;74;Херст-тауэр;2003 год;Нью-Йорк, США;Норман Фостер
;75;Центр Джона Хэнкока;1965 год;Чикаго, США;Фазлур Рахман Хан, Брюс Грэм
;76;Центр Жоржа Помпиду;1977 год;Париж, Франция ;Ренцо Пиано и Ричард Роджерс
;77;Музей Соломона Гуггенхайма;1997 год;Бильбао, Испания;Фрэнк Гери
;78;Отель Porta Fira;2009 год;Барселона, Испания;Тоёо Ито
;79;Северный имперский военный музей ;2001 год;Манчестер, Великобритания;Даниэль Либескинд
;80;Танцующий дом;1996 год;Прага, Чехия;Владо Милунич и Фрэнк Гери
;142;Башня Банка Китая;1989 год;Гонконг;Бей Юймин
;143;Уиллис-Тауэр;1970 год;Чикаго, США;Фазлур Рахман Хан, Брюс Грэм
;144;Всемирный Торговый центр;2002 год;Нью-Йорк, США;Дэвид Чайлдс,  Норман Фостер и др.
;145;Штаб-квартира Fuji TV;1997 год;Токио, Япония;Кэндзо Тангэ
;185;Башня Мэри-Экс;2001 год;Лондон, Великобритания;Норман Фостер
;186;Берлинский международный конгресс-центр;1975 год;Берлин, Германия;Ральф Шюлер и Урсулина Шюлер-Витте
;187;Здание Европейского суда по правам человека;1991 год;Страсбург, Франция;Ричард Роджерс
;188;Сиднейская башня;1975 год;Сидней, Австралия;Дональд Крон
;189;Shiseido building;2001 год;Токио, Япония;Рикардо Бофилл
;190;Каталонский национальный театр;1996 год;Барселона, Испания;Рикардо Бофилл
;191;Аэропорт Коста-дель-соль;1991 год;Малага, Испания;Рикардо Бофилл
;192;Аэропорт Барслеона  -  Эль-Прат;2009 год;Барселона, Испания;Рикардо Бофилл
;193;Dearborn center;2003 год;Чикаго, США;Рикардо Бофилл
;194;Художественный музей Вейсмана;1993 год;Миннеаполис, США;Фрэнк Гери
;195;Концертный зал имени Уолта Диснея ;1999 год;Лос-Анджелес, США;Фрэнк Гери
;196;Музей музыки;2000 год;Сиэтл, США;Фрэнк Гери
;197;Хрустальный собор;1977 год;Гарден-Гров, США;Филип Джонсон
;198;Сони-билдинг;1980 год;Нью-Йорк, США;Филип Джонсон и Джон Берджи
;199;Часовня святого Василия;1997 год;Хьюстон, США;Филип Джонсон
;200;Здание PPG;1981 год;Питтсбург, США;Филип Джонсон и Джон Берджи
;201;Липстик-билдинг;1983 год ;Нью-Йорк, США;Филип Джонсон и Джон Берджи
;202;Часовня Епископальной Академии;2008 год;Ньютаун-сквер, США;Роберт Вентури
;203;Штаб-квартира Института изящных искусств Нью-Йоркского университета;1958 год;Нью-Йорк, США;Роберт Вентури
;204;Гилд-Хаус;1960 год;Филадельфия, США;Роберт Вентури
;205;Пожарная станция №4;1968 год;Коламбус, США;Роберт Вентури
;206;Брант-хаус;1972 год;Гринвич, США;Роберт Вентури
;207;Кон Холл в Институте теоретической физики Кавли;2004 год;Санта-Барбара, США;Майкл Грейвс
;208;425 Пятая авеню;2000 год;Нью-Йорк, США;Майкл Грейвс
;209;Здание Международной финансовой корпорации ;1992 год;Вашингтон, США;Майкл Грейвс
;210;Отель Steigenberger;1997 год;Эль-Гуна;Майкл Грейвс и Ахмед Хамди
;211;Пристройка Публичной библиотеки Денвера;1995 год;Денвер, США;Майкл Грейвс
;229;Дом II;1969 год;Хардвик, США;Питер Айзенман
;230;Макс Рейнард-хаус;1992 год;Берлин, Германия;Питер Айзенман
;231;Здание международного выставочного центра;1981 год;Берлин, Германия;Питер Айзенман
;232;Дом IV ;1971 год;Фолз-Виллидж, США;Питер Айзенман
;233;Автобусная остановка на Фридрих-Вильгельм-плац;1996 год;Ахен, Германия;Питер Айзенман
;234;Отель W;2009 год;Барселона, Испания;Рикардо Бофилл
;235;West Wacker Drive ;1992 год;Чикаго, США;Рикардо Бофилл
;236;Мадридский конгресс-центр;1993 год;Мадрид, Испания;Рикардо Бофилл
;237;Касабланка Твин Центр;1999 год;Касабланка, Марокко;Рикардо Бофилл
;238;Музей современного искусства Сан-Диего;1996 год;Сан-Диего, США;Роберт Вентури
;239;Мемориальная библиотека Бейкера;1968 год;Хановер, США;Роберт Вентури
;240;Франклин-корт;1976 год;Филадельфия, США;Роберт Вентури
;241;Портленд-билдинг;1982 год;Портленд, США;Майкл Грейвс
;242;Национальный музей первобытных культур  Тайваня;2001 год;Тайдун, Тайвань;Майкл Грейвс
;243;Зал чемпионов NCAA ;1997 год;Индианаполис, США;Майкл Грейвс
;244;Хьюмана-билдинг;1982 год;Луисвилл, США;Майкл Грейвс
;245;Архитектурный колледж Хайнса;1985 год;Хьюстон, США;Филип Джонсон
;246;TC Energy Center;1980 год ;Хьюстон, США;Филип Джонсон и Джон Берджи
;308;Здание национального совета по развитию рыболовства;2012 год;Хайдарабад, Индия;не известен
;309;Piano-house;2007 год;Хуайнань, Китай;Студенты Хефейского технологического университета
;310;Marina Bay Sands;2006 год;Сингапур;Моше Сафди
;311;Кафедральный собор;1958 год;Бразилиа, Бразилия;Оскар Нимейер
;312;Дом "Зодчество";2010 год;Москва, Россия;Телемак Ананян
;617;Пасео де Грасия;1991 год;Барселона, Испания;Даниэль Навас
;618;Город искусств и наук;1989 год;Валенсия, Испания;Сантьяго Калатрава Вальс
